t,tx_id,src,dst,amount,tx_type,is_fraud,note
0,0,C1303,M12,65.50366221946115,PAYMENT,1,fraud_payment
0,1,C1602,M119,263.9069679613933,PAYMENT,1,fraud_payment
0,2,C1602,C1516,52.010542687901896,TRANSFER,1,fraud_transfer
0,3,C1602,M91,233.08580784171212,PAYMENT,1,fraud_payment
0,4,C1684,C3696,127.59291850144005,TRANSFER,1,fraud_transfer
0,5,C1684,M75,8.794302314446,PAYMENT,1,fraud_payment
0,6,C1684,C1849,112.97345352976855,TRANSFER,1,fraud_transfer
0,7,C3864,C3883,134.74362493515977,TRANSFER,1,fraud_transfer
0,8,C3864,C1204,15.483385025503306,TRANSFER,1,fraud_transfer
0,9,C3864,C516,234.40879091006008,TRANSFER,1,fraud_transfer
1,10,C752,M38,103.1394486557855,PAYMENT,1,fraud_payment
1,11,C752,C1304,319.3400429135136,TRANSFER,1,fraud_transfer
1,12,C752,M72,63.360157426108444,PAYMENT,1,fraud_payment
1,13,C2097,M59,95.248766211976,PAYMENT,1,fraud_payment
1,14,C2097,M104,43.697894603500785,PAYMENT,1,fraud_payment
1,15,C4079,M114,140.61159912807446,PAYMENT,1,fraud_payment
2,16,C18,M17,73.27135495841785,PAYMENT,1,fraud_payment
2,17,C18,M96,90.99700462314546,PAYMENT,1,fraud_payment
2,18,C543,M23,153.15216240907972,PAYMENT,1,fraud_payment
2,19,C543,M29,124.16004177128127,PAYMENT,1,fraud_payment
2,20,C1842,M4,107.17560224647985,PAYMENT,1,fraud_payment
2,21,C1842,C3953,28.678536644818315,TRANSFER,1,fraud_transfer
2,22,C2657,M118,10.064048273476038,PAYMENT,1,fraud_payment
3,23,C543,M26,159.060578938645,PAYMENT,1,fraud_payment
3,24,C543,M93,255.56715947474746,PAYMENT,1,fraud_payment
3,25,C787,M13,143.43892340811877,PAYMENT,1,fraud_payment
3,26,C787,M22,72.72058622134617,PAYMENT,1,fraud_payment
3,27,C787,C293,79.30652392776544,TRANSFER,1,fraud_transfer
3,28,C1453,C4811,191.44704753610978,TRANSFER,1,fraud_transfer
3,29,C1453,M29,58.84930724549848,PAYMENT,1,fraud_payment
3,30,C1453,M84,287.3173294372186,PAYMENT,1,fraud_payment
3,31,C2097,C1516,79.67208450669075,TRANSFER,1,fraud_transfer
3,32,C2097,C1994,55.94097430709535,TRANSFER,1,fraud_transfer
3,33,C4079,M91,67.24588764497662,PAYMENT,1,fraud_payment
3,34,C4079,M51,42.317309194823665,PAYMENT,1,fraud_payment
3,35,C4461,M41,77.02947008309255,PAYMENT,1,fraud_payment
3,36,C4461,M70,184.63476272830727,PAYMENT,1,fraud_payment
3,37,C4461,M19,193.63821145019963,PAYMENT,1,fraud_payment
4,38,C302,M119,250.78382128485464,PAYMENT,1,fraud_payment
4,39,C1531,M116,161.72330583851138,PAYMENT,1,fraud_payment
4,40,C3995,M20,134.53503633295966,PAYMENT,1,fraud_payment
4,41,C3995,C3601,49.3036166377524,TRANSFER,1,fraud_transfer
4,42,C3995,M56,69.15999832774395,PAYMENT,1,fraud_payment
4,43,C4230,C3035,82.32090189776024,TRANSFER,1,fraud_transfer
4,44,C4230,C3892,91.66294570221395,TRANSFER,1,fraud_transfer
5,45,C1254,C342,196.76229497165252,TRANSFER,1,fraud_transfer
5,46,C1254,M43,87.69443910548563,PAYMENT,1,fraud_payment
5,47,C1254,M86,50.52559792228704,PAYMENT,1,fraud_payment
5,48,C3995,M46,301.89962308496115,PAYMENT,1,fraud_payment
5,49,C3995,M69,65.83069237208488,PAYMENT,1,fraud_payment
5,50,C4461,M56,295.45619719238454,PAYMENT,1,fraud_payment
5,51,C4461,M86,125.33149433747236,PAYMENT,1,fraud_payment
5,52,C4565,M22,316.96413418251745,PAYMENT,1,fraud_payment
5,53,C4565,C196,22.378372036155998,TRANSFER,1,fraud_transfer
5,54,C4565,C155,50.39316098359832,TRANSFER,1,fraud_transfer
6,55,C1531,M0,114.01949467454536,PAYMENT,1,fraud_payment
6,56,C1842,M76,62.475255175348174,PAYMENT,1,fraud_payment
6,57,C1842,C1859,77.41343481317149,TRANSFER,1,fraud_transfer
6,58,C2097,M24,86.45133766092363,PAYMENT,1,fraud_payment
6,59,C4836,M61,220.39895425409398,PAYMENT,1,fraud_payment
7,60,C1602,C1913,16.972584365391096,TRANSFER,1,fraud_transfer
7,61,C1602,M111,34.78963393444819,PAYMENT,1,fraud_payment
7,62,C2151,M110,233.60274136186908,PAYMENT,1,fraud_payment
7,63,C2151,M8,71.11135722164401,PAYMENT,1,fraud_payment
7,64,C2449,C559,150.91321536747228,TRANSFER,1,fraud_transfer
7,65,C2449,M5,244.41006066055238,PAYMENT,1,fraud_payment
7,66,C3864,M96,224.87759902608013,PAYMENT,1,fraud_payment
7,67,C3864,M31,45.92640627751131,PAYMENT,1,fraud_payment
7,68,C4461,C1560,40.019256034243675,TRANSFER,1,fraud_transfer
7,69,C4461,M61,164.48926345898045,PAYMENT,1,fraud_payment
8,70,C302,M14,114.99181583751898,PAYMENT,1,fraud_payment
8,71,C302,M27,34.61779577316321,PAYMENT,1,fraud_payment
8,72,C302,C2911,217.41678430812752,TRANSFER,1,fraud_transfer
8,73,C752,C162,93.60413044237815,TRANSFER,1,fraud_transfer
8,74,C752,C2788,168.78035354952837,TRANSFER,1,fraud_transfer
8,75,C752,M3,25.497510013977315,PAYMENT,1,fraud_payment
8,76,C2097,M55,194.78067886968452,PAYMENT,1,fraud_payment
8,77,C2097,M39,19.722496047806423,PAYMENT,1,fraud_payment
8,78,C4633,M20,86.08466990093896,PAYMENT,1,fraud_payment
9,79,C3864,C807,30.86912766500988,TRANSFER,1,fraud_transfer
10,80,C3546,M94,53.2881536749598,PAYMENT,1,fraud_payment
10,81,C3546,C2056,318.9374302564569,TRANSFER,1,fraud_transfer
10,82,C3546,M2,77.29268178395574,PAYMENT,1,fraud_payment
10,83,C4230,C2704,109.51395935108866,TRANSFER,1,fraud_transfer
10,84,C4461,M95,109.63032132278703,PAYMENT,1,fraud_payment
10,85,C4461,C581,108.71846358183073,TRANSFER,1,fraud_transfer
10,86,C4461,M78,204.8443877733651,PAYMENT,1,fraud_payment
10,87,C4633,C4402,245.72251819086844,TRANSFER,1,fraud_transfer
10,88,C4696,C2297,73.0498187093133,TRANSFER,1,fraud_transfer
11,89,C18,C3574,32.41501820051372,TRANSFER,1,fraud_transfer
11,90,C18,C1365,123.95104810841818,TRANSFER,1,fraud_transfer
11,91,C18,C55,48.73819975183261,TRANSFER,1,fraud_transfer
11,92,C2555,C3869,87.0905772791358,TRANSFER,1,fraud_transfer
11,93,C2555,C3130,280.9844076916093,TRANSFER,1,fraud_transfer
11,94,C2555,M38,74.5537095715827,PAYMENT,1,fraud_payment
11,95,C3546,C3115,36.156712453126225,TRANSFER,1,fraud_transfer
11,96,C3995,M31,83.11838876040157,PAYMENT,1,fraud_payment
11,97,C3995,M13,237.16940914000978,PAYMENT,1,fraud_payment
11,98,C3995,M119,36.16037727654986,PAYMENT,1,fraud_payment
11,99,C4461,M78,61.29723448308887,PAYMENT,1,fraud_payment
12,100,C1531,C3604,46.997112921242525,TRANSFER,1,fraud_transfer
12,101,C2097,M119,49.61290481082782,PAYMENT,1,fraud_payment
12,102,C2097,M5,115.84754801830397,PAYMENT,1,fraud_payment
12,103,C2151,M20,224.410288734094,PAYMENT,1,fraud_payment
12,104,C2151,M13,73.29582029571087,PAYMENT,1,fraud_payment
12,105,C2449,M55,96.16050263534866,PAYMENT,1,fraud_payment
12,106,C2449,M115,169.50589621698603,PAYMENT,1,fraud_payment
12,107,C2449,C713,29.093983655784548,TRANSFER,1,fraud_transfer
12,108,C2640,M112,71.00105962781784,PAYMENT,1,fraud_payment
12,109,C2640,M53,128.5829346288078,PAYMENT,1,fraud_payment
12,110,C2766,M24,125.81858692032012,PAYMENT,1,fraud_payment
12,111,C2766,M58,159.31037465156103,PAYMENT,1,fraud_payment
12,112,C2766,M57,110.87597614043122,PAYMENT,1,fraud_payment
12,113,C3546,C1355,109.56116786773208,TRANSFER,1,fraud_transfer
12,114,C3546,M92,220.90554503884007,PAYMENT,1,fraud_payment
12,115,C3546,C1458,40.22997321389808,TRANSFER,1,fraud_transfer
12,116,C3741,C3028,103.810842246155,TRANSFER,1,fraud_transfer
12,117,C3896,C2548,166.03093745491563,TRANSFER,1,fraud_transfer
12,118,C3896,C3095,190.97237128911263,TRANSFER,1,fraud_transfer
13,119,C752,C4589,209.22578429516318,TRANSFER,1,fraud_transfer
13,120,C1684,C4853,164.89066866725813,TRANSFER,1,fraud_transfer
13,121,C1684,M59,78.5101178832925,PAYMENT,1,fraud_payment
13,122,C1842,C3487,70.86441403460427,TRANSFER,1,fraud_transfer
13,123,C2555,M51,298.9869592223465,PAYMENT,1,fraud_payment
13,124,C2646,C2211,68.31946084849719,TRANSFER,1,fraud_transfer
13,125,C3864,M50,134.35482210079104,PAYMENT,1,fraud_payment
13,126,C3864,C2904,53.149796062039236,TRANSFER,1,fraud_transfer
13,127,C4836,M110,36.16659196722927,PAYMENT,1,fraud_payment
13,128,C4836,M88,232.69228935583126,PAYMENT,1,fraud_payment
13,129,C4836,M72,173.69324104528295,PAYMENT,1,fraud_payment
14,130,C1254,M106,78.03203226759365,PAYMENT,1,fraud_payment
14,131,C1303,M105,181.1800038724535,PAYMENT,1,fraud_payment
14,132,C1303,M74,32.71669336602577,PAYMENT,1,fraud_payment
14,133,C3741,M31,36.4445474061987,PAYMENT,1,fraud_payment
14,134,C3741,M43,179.03396452816648,PAYMENT,1,fraud_payment
14,135,C4125,M24,379.6011925484251,PAYMENT,1,fraud_payment
14,136,C4125,M72,240.83150589935403,PAYMENT,1,fraud_payment
14,137,C4224,M88,172.81176665388455,PAYMENT,1,fraud_payment
14,138,C4224,C2933,490.24330426578837,TRANSFER,1,fraud_transfer
15,139,C1602,M27,155.07045255311192,PAYMENT,1,fraud_payment
15,140,C3546,M38,30.71385842372837,PAYMENT,1,fraud_payment
15,141,C3546,C3697,23.995793998854285,TRANSFER,1,fraud_transfer
15,142,C3995,M38,205.36755254228777,PAYMENT,1,fraud_payment
15,143,C3995,M109,297.1445022261909,PAYMENT,1,fraud_payment
15,144,C4461,M85,77.20580548890423,PAYMENT,1,fraud_payment
15,145,C4836,M40,299.5952903528272,PAYMENT,1,fraud_payment
15,146,C4836,C755,57.62321950296271,TRANSFER,1,fraud_transfer
15,147,C4836,M107,25.36006443954219,PAYMENT,1,fraud_payment
16,148,C543,C2528,81.22962115150683,TRANSFER,1,fraud_transfer
16,149,C752,M34,49.35623428067564,PAYMENT,1,fraud_payment
16,150,C752,M51,109.29006681790348,PAYMENT,1,fraud_payment
16,151,C787,M106,41.942110620127785,PAYMENT,1,fraud_payment
16,152,C787,M46,211.9048068730074,PAYMENT,1,fraud_payment
16,153,C1254,M54,115.987336593995,PAYMENT,1,fraud_payment
16,154,C1254,C3721,80.48253107682203,TRANSFER,1,fraud_transfer
16,155,C1602,M32,173.89711165616387,PAYMENT,1,fraud_payment
16,156,C1602,C1448,38.102701162772895,TRANSFER,1,fraud_transfer
16,157,C1602,C2979,29.402376204338392,TRANSFER,1,fraud_transfer
16,158,C3741,C3117,60.26488717785807,TRANSFER,1,fraud_transfer
16,159,C4633,M1,174.3223112099053,PAYMENT,1,fraud_payment
16,160,C4633,M101,191.3207102013155,PAYMENT,1,fraud_payment
17,161,C1453,M19,136.64215462656864,PAYMENT,1,fraud_payment
17,162,C1453,C1329,51.50000047820698,TRANSFER,1,fraud_transfer
17,163,C1453,M45,135.7000421703907,PAYMENT,1,fraud_payment
17,164,C1842,M44,129.82984810160585,PAYMENT,1,fraud_payment
17,165,C1842,C4055,92.75252770907916,TRANSFER,1,fraud_transfer
17,166,C1842,C3745,128.37792559759967,TRANSFER,1,fraud_transfer
17,167,C4224,M93,47.571652248382506,PAYMENT,1,fraud_payment
18,168,C2408,M60,210.90195679239366,PAYMENT,1,fraud_payment
18,169,C2408,C10,128.32873237074332,TRANSFER,1,fraud_transfer
18,170,C3864,C1346,121.1398908628552,TRANSFER,1,fraud_transfer
18,171,C3864,M71,99.09634207639044,PAYMENT,1,fraud_payment
18,172,C3995,C1736,40.32086008234006,TRANSFER,1,fraud_transfer
18,173,C4836,C178,78.09069849906385,TRANSFER,1,fraud_transfer
19,174,C335,M107,85.095411505791,PAYMENT,1,fraud_payment
20,175,C3546,M71,83.54024687680933,PAYMENT,1,fraud_payment
21,176,C752,C4171,118.83000708303003,TRANSFER,1,fraud_transfer
21,177,C752,M112,24.864434619610844,PAYMENT,1,fraud_payment
21,178,C1691,M67,118.1601781580749,PAYMENT,1,fraud_payment
21,179,C2151,C2874,66.39859011635137,TRANSFER,1,fraud_transfer
21,180,C3546,C38,359.64669014237404,TRANSFER,1,fraud_transfer
21,181,C3546,M58,28.347235076986188,PAYMENT,1,fraud_payment
21,182,C3546,C4243,94.82107170987592,TRANSFER,1,fraud_transfer
21,183,C4836,M47,137.77411976141977,PAYMENT,1,fraud_payment
21,184,C4836,M87,122.95314566835292,PAYMENT,1,fraud_payment
21,185,C4836,M68,254.08699732108042,PAYMENT,1,fraud_payment
22,186,C335,M4,106.41501533881129,PAYMENT,1,fraud_payment
22,187,C335,M8,105.95191071219378,PAYMENT,1,fraud_payment
22,188,C2766,M73,53.76319451100841,PAYMENT,1,fraud_payment
22,189,C4125,C2955,64.89245020907718,TRANSFER,1,fraud_transfer
23,190,C1626,C3983,96.44476942717951,TRANSFER,1,fraud_transfer
23,191,C2151,C4829,67.3689781725174,TRANSFER,1,fraud_transfer
23,192,C2151,C621,89.72296009469798,TRANSFER,1,fraud_transfer
23,193,C2151,C415,73.09253699716666,TRANSFER,1,fraud_transfer
23,194,C3118,M45,168.4283479706842,PAYMENT,1,fraud_payment
23,195,C3118,M89,120.54812283964178,PAYMENT,1,fraud_payment
23,196,C3118,M87,148.51810750911525,PAYMENT,1,fraud_payment
23,197,C4230,M103,128.1229984799113,PAYMENT,1,fraud_payment
23,198,C4230,C1544,24.89762971256974,TRANSFER,1,fraud_transfer
23,199,C4230,M88,160.75924346658664,PAYMENT,1,fraud_payment
24,200,C2354,M24,139.88387987777523,PAYMENT,1,fraud_payment
24,201,C3116,M20,97.70736526254437,PAYMENT,1,fraud_payment
24,202,C3116,M100,60.856390069418225,PAYMENT,1,fraud_payment
24,203,C3116,C617,54.43203645366304,TRANSFER,1,fraud_transfer
25,204,C787,M94,63.34521682472768,PAYMENT,1,fraud_payment
25,205,C3741,M55,29.14413808135266,PAYMENT,1,fraud_payment
25,206,C3741,C2448,208.0731669537188,TRANSFER,1,fraud_transfer
25,207,C3741,C562,182.68018088413385,TRANSFER,1,fraud_transfer
26,208,C2151,M0,83.57492613529787,PAYMENT,1,fraud_payment
26,209,C2151,M117,252.92045166977408,PAYMENT,1,fraud_payment
26,210,C3864,M50,122.61213798381732,PAYMENT,1,fraud_payment
26,211,C3864,M12,175.8263568217392,PAYMENT,1,fraud_payment
26,212,C4125,M98,340.75882308905585,PAYMENT,1,fraud_payment
26,213,C4125,C893,42.17847984156512,TRANSFER,1,fraud_transfer
27,214,C335,C4699,53.26679049134692,TRANSFER,1,fraud_transfer
27,215,C335,M48,45.064246184929424,PAYMENT,1,fraud_payment
27,216,C335,C3257,66.13131431417666,TRANSFER,1,fraud_transfer
27,217,C1684,C1992,90.65372884246712,TRANSFER,1,fraud_transfer
27,218,C1684,M82,283.152771350506,PAYMENT,1,fraud_payment
27,219,C1684,M56,33.29908781993309,PAYMENT,1,fraud_payment
27,220,C1691,M2,253.86507098765455,PAYMENT,1,fraud_payment
27,221,C1691,C159,105.19822317216018,TRANSFER,1,fraud_transfer
27,222,C1691,M48,87.21398450160586,PAYMENT,1,fraud_payment
28,223,C2408,M111,92.53595380583268,PAYMENT,1,fraud_payment
28,224,C2408,C2341,370.86220150406206,TRANSFER,1,fraud_transfer
28,225,C2408,M68,83.13837641536216,PAYMENT,1,fraud_payment
28,226,C2766,C730,50.93474015460811,TRANSFER,1,fraud_transfer
28,227,C2766,C3777,88.090151162112,TRANSFER,1,fraud_transfer
28,228,C2766,C1433,73.47733863741155,TRANSFER,1,fraud_transfer
28,229,C3116,M60,286.4428052670448,PAYMENT,1,fraud_payment
28,230,C3116,C1172,198.3710491993282,TRANSFER,1,fraud_transfer
28,231,C3116,M93,37.22486936961865,PAYMENT,1,fraud_payment
29,232,C1684,M51,139.05605383640145,PAYMENT,1,fraud_payment
29,233,C2646,M70,486.57543789754874,PAYMENT,1,fraud_payment
29,234,C3118,M58,22.87872823419611,PAYMENT,1,fraud_payment
29,235,C3118,M107,62.63733349540652,PAYMENT,1,fraud_payment
30,236,C1684,C897,61.08926141062382,TRANSFER,1,fraud_transfer
30,237,C1684,M112,51.36892985784147,PAYMENT,1,fraud_payment
30,238,C1684,C4422,65.07668973091455,TRANSFER,1,fraud_transfer
30,239,C1691,M113,246.81212257342304,PAYMENT,1,fraud_payment
30,240,C1691,M103,138.54107463923089,PAYMENT,1,fraud_payment
30,241,C1691,C4273,60.51146619005258,TRANSFER,1,fraud_transfer
30,242,C2354,M115,121.83460660114466,PAYMENT,1,fraud_payment
30,243,C3116,C3806,395.58138702069715,TRANSFER,1,fraud_transfer
30,244,C4230,C4078,126.16455874189379,TRANSFER,1,fraud_transfer
30,245,C4230,C2908,694.1695508813073,TRANSFER,1,fraud_transfer
31,246,C752,C4173,167.86333663281474,TRANSFER,1,fraud_transfer
31,247,C752,M4,176.68241807673536,PAYMENT,1,fraud_payment
31,248,C752,M7,34.06195440443648,PAYMENT,1,fraud_payment
31,249,C1619,M4,193.17733989470685,PAYMENT,1,fraud_payment
31,250,C2657,M82,83.1531772312641,PAYMENT,1,fraud_payment
31,251,C4125,M18,433.185474825792,PAYMENT,1,fraud_payment
31,252,C4125,M102,83.96634494143844,PAYMENT,1,fraud_payment
31,253,C4125,M96,157.92398242413063,PAYMENT,1,fraud_payment
32,254,C1303,C4236,50.29808100158457,TRANSFER,1,fraud_transfer
32,255,C1531,C37,41.68841444731949,TRANSFER,1,fraud_transfer
32,256,C2555,M116,74.05012919318227,PAYMENT,1,fraud_payment
32,257,C2555,C2049,190.25632941352384,TRANSFER,1,fraud_transfer
32,258,C2657,C1651,32.136276493199404,TRANSFER,1,fraud_transfer
32,259,C2657,M84,32.526354245191165,PAYMENT,1,fraud_payment
32,260,C3546,M64,45.74754543804644,PAYMENT,1,fraud_payment
32,261,C3546,M104,27.19179946316116,PAYMENT,1,fraud_payment
32,262,C3546,C4504,69.07585113082679,TRANSFER,1,fraud_transfer
33,263,C1626,C692,112.91830229002095,TRANSFER,1,fraud_transfer
33,264,C1626,C3481,37.10265710161958,TRANSFER,1,fraud_transfer
33,265,C1626,C3392,125.52581663718581,TRANSFER,1,fraud_transfer
33,266,C2151,M98,33.3471537507229,PAYMENT,1,fraud_payment
33,267,C2151,M29,144.33897504969613,PAYMENT,1,fraud_payment
33,268,C2151,M2,75.15195140740126,PAYMENT,1,fraud_payment
33,269,C4125,C521,47.445808652464656,TRANSFER,1,fraud_transfer
33,270,C4125,C1509,142.95205811420158,TRANSFER,1,fraud_transfer
34,271,C752,M17,66.70628974824932,PAYMENT,1,fraud_payment
34,272,C752,C3880,159.69105958317212,TRANSFER,1,fraud_transfer
34,273,C752,M115,214.30458308812183,PAYMENT,1,fraud_payment
34,274,C1453,M85,74.11394788872333,PAYMENT,1,fraud_payment
34,275,C1453,C629,117.46119386320105,TRANSFER,1,fraud_transfer
34,276,C2449,C1766,205.3857122789918,TRANSFER,1,fraud_transfer
34,277,C2657,M41,99.5870793953421,PAYMENT,1,fraud_payment
34,278,C4224,C4056,38.03332187250813,TRANSFER,1,fraud_transfer
34,279,C4224,M61,42.625482880020776,PAYMENT,1,fraud_payment
34,280,C4224,C1270,40.720801516918364,TRANSFER,1,fraud_transfer
34,281,C4836,M63,27.73289653592505,PAYMENT,1,fraud_payment
34,282,C4836,C1287,150.75540494065902,TRANSFER,1,fraud_transfer
35,283,C1537,M60,143.32665035490578,PAYMENT,1,fraud_payment
35,284,C1537,M32,77.0096670588666,PAYMENT,1,fraud_payment
35,285,C1537,C3250,120.9376224625721,TRANSFER,1,fraud_transfer
35,286,C2766,M94,41.0628405441593,PAYMENT,1,fraud_payment
35,287,C2766,M89,368.8428013353093,PAYMENT,1,fraud_payment
35,288,C2766,C4878,38.12334084783515,TRANSFER,1,fraud_transfer
36,289,C302,M48,27.35810190630078,PAYMENT,1,fraud_payment
36,290,C302,C2286,279.47210068337137,TRANSFER,1,fraud_transfer
36,291,C1626,M53,139.23654973628805,PAYMENT,1,fraud_payment
36,292,C2354,M99,39.63156700446432,PAYMENT,1,fraud_payment
36,293,C2354,M63,195.50066484341724,PAYMENT,1,fraud_payment
36,294,C2354,C4082,59.26761885304479,TRANSFER,1,fraud_transfer
36,295,C3116,M82,176.79447368911147,PAYMENT,1,fraud_payment
36,296,C3116,M32,87.36420835166531,PAYMENT,1,fraud_payment
36,297,C3896,C1547,101.71981872665744,TRANSFER,1,fraud_transfer
36,298,C4230,C1684,52.88467761061872,TRANSFER,1,fraud_transfer
37,299,C302,M41,92.15501484886448,PAYMENT,1,fraud_payment
37,300,C302,C4208,88.96796444535424,TRANSFER,1,fraud_transfer
37,301,C1254,M11,52.709155466137915,PAYMENT,1,fraud_payment
37,302,C1254,M0,87.20138537772341,PAYMENT,1,fraud_payment
37,303,C1254,M72,222.72898951233148,PAYMENT,1,fraud_payment
37,304,C1684,C2332,48.97862533914055,TRANSFER,1,fraud_transfer
37,305,C1684,M42,131.3073686126381,PAYMENT,1,fraud_payment
37,306,C3864,C2529,205.6085093475128,TRANSFER,1,fraud_transfer
37,307,C3864,M80,62.95594704218289,PAYMENT,1,fraud_payment
38,308,C1531,M17,151.3509325424361,PAYMENT,1,fraud_payment
38,309,C1531,M45,90.95903409466018,PAYMENT,1,fraud_payment
38,310,C1531,M19,16.05157642032387,PAYMENT,1,fraud_payment
38,311,C3188,C2394,66.43464891762812,TRANSFER,1,fraud_transfer
38,312,C4633,C2689,17.552528972250258,TRANSFER,1,fraud_transfer
39,313,C1254,M34,21.13586058921659,PAYMENT,1,fraud_payment
39,314,C1254,C1871,28.16045563881745,TRANSFER,1,fraud_transfer
39,315,C1453,M97,329.2581915888104,PAYMENT,1,fraud_payment
39,316,C1626,M46,25.467451964083168,PAYMENT,1,fraud_payment
39,317,C1684,M111,95.2056268670051,PAYMENT,1,fraud_payment
39,318,C3741,M102,291.8882767666963,PAYMENT,1,fraud_payment
40,319,C302,C2604,188.85264491254253,TRANSFER,1,fraud_transfer
40,320,C752,C3301,228.60359195380664,TRANSFER,1,fraud_transfer
40,321,C2354,C2026,75.47674238767561,TRANSFER,1,fraud_transfer
40,322,C2354,M63,260.56662297342143,PAYMENT,1,fraud_payment
40,323,C2354,C2797,68.8351006125425,TRANSFER,1,fraud_transfer
40,324,C3118,M68,42.67860976863618,PAYMENT,1,fraud_payment
40,325,C3118,C1223,237.87932836523004,TRANSFER,1,fraud_transfer
40,326,C3864,C3044,297.6607280860394,TRANSFER,1,fraud_transfer
41,327,C1691,M5,10.805667496010038,PAYMENT,1,fraud_payment
41,328,C2449,M52,87.5842471533466,PAYMENT,1,fraud_payment
41,329,C2646,M76,41.05708660358757,PAYMENT,1,fraud_payment
41,330,C2646,M93,109.7827550761601,PAYMENT,1,fraud_payment
41,331,C2646,M20,330.83619826139807,PAYMENT,1,fraud_payment
41,332,C3864,M108,31.25436873631272,PAYMENT,1,fraud_payment
41,333,C3896,M79,64.52595317294946,PAYMENT,1,fraud_payment
41,334,C3896,M10,47.63564300486731,PAYMENT,1,fraud_payment
41,335,C4079,C1166,29.059563782800144,TRANSFER,1,fraud_transfer
41,336,C4079,C2557,158.15043154553186,TRANSFER,1,fraud_transfer
41,337,C4696,M87,95.97007728473763,PAYMENT,1,fraud_payment
41,338,C4696,M0,100.72449222756755,PAYMENT,1,fraud_payment
41,339,C4696,M23,128.35736367272906,PAYMENT,1,fraud_payment
42,340,C335,M117,152.8367524410819,PAYMENT,1,fraud_payment
42,341,C1684,M24,193.16453586895423,PAYMENT,1,fraud_payment
42,342,C1684,C2086,12.823942024589265,TRANSFER,1,fraud_transfer
42,343,C1684,C1690,69.59315162246916,TRANSFER,1,fraud_transfer
42,344,C2640,M86,34.30651975556078,PAYMENT,1,fraud_payment
42,345,C2640,C4180,114.67405059222683,TRANSFER,1,fraud_transfer
42,346,C2640,M45,39.035283130307214,PAYMENT,1,fraud_payment
42,347,C3546,M57,144.6574681484665,PAYMENT,1,fraud_payment
42,348,C3546,M60,70.58751562156314,PAYMENT,1,fraud_payment
43,349,C543,C949,41.78605805910056,TRANSFER,1,fraud_transfer
43,350,C543,M93,134.6470836271154,PAYMENT,1,fraud_payment
43,351,C1531,C778,375.324856846795,TRANSFER,1,fraud_transfer
43,352,C1531,M109,458.5479775579762,PAYMENT,1,fraud_payment
43,353,C1537,M57,317.1010133346965,PAYMENT,1,fraud_payment
43,354,C4079,C978,98.11958863093949,TRANSFER,1,fraud_transfer
43,355,C4461,M76,59.50761656896846,PAYMENT,1,fraud_payment
43,356,C4461,M84,25.915841009491736,PAYMENT,1,fraud_payment
44,357,C1537,M77,332.2043312176284,PAYMENT,1,fraud_payment
44,358,C3546,C157,347.82870080998197,TRANSFER,1,fraud_transfer
44,359,C3546,M81,17.27267412050185,PAYMENT,1,fraud_payment
44,360,C3546,M4,45.87821769766229,PAYMENT,1,fraud_payment
44,361,C4125,M40,126.70229210154146,PAYMENT,1,fraud_payment
44,362,C4125,M63,100.96289342084452,PAYMENT,1,fraud_payment
44,363,C4125,C3738,195.02248567253685,TRANSFER,1,fraud_transfer
45,364,C1602,C1361,43.317748955164966,TRANSFER,1,fraud_transfer
46,365,C1842,M114,35.771790603794926,PAYMENT,1,fraud_payment
46,366,C1842,M13,167.87524038701451,PAYMENT,1,fraud_payment
46,367,C1842,M97,69.70180405062486,PAYMENT,1,fraud_payment
46,368,C2449,M42,226.53885459708638,PAYMENT,1,fraud_payment
46,369,C3118,M55,194.09647058408248,PAYMENT,1,fraud_payment
46,370,C3118,M66,127.51335117806005,PAYMENT,1,fraud_payment
46,371,C3896,C3251,71.54666201084099,TRANSFER,1,fraud_transfer
46,372,C3896,M87,63.75942235602363,PAYMENT,1,fraud_payment
46,373,C3896,C3226,105.00768489505442,TRANSFER,1,fraud_transfer
46,374,C3988,C3426,185.30356831350034,TRANSFER,1,fraud_transfer
47,375,C18,M74,118.2013900093057,PAYMENT,1,fraud_payment
48,376,C787,M77,95.2635676361715,PAYMENT,1,fraud_payment
48,377,C2449,M14,56.377033041945154,PAYMENT,1,fraud_payment
48,378,C2555,C2304,80.15386424370264,TRANSFER,1,fraud_transfer
48,379,C2555,C445,173.12454821735733,TRANSFER,1,fraud_transfer
48,380,C3864,M119,137.66952711253728,PAYMENT,1,fraud_payment
48,381,C3864,C4191,109.42177936232552,TRANSFER,1,fraud_transfer
48,382,C3864,M85,41.37043681200064,PAYMENT,1,fraud_payment
48,383,C4836,M1,57.261663859501176,PAYMENT,1,fraud_payment
49,384,C2097,M37,534.4898702872608,PAYMENT,1,fraud_payment
49,385,C2097,M35,118.72197352254442,PAYMENT,1,fraud_payment
50,386,C302,M65,56.21923412097374,PAYMENT,1,fraud_payment
50,387,C302,M50,73.68531584327633,PAYMENT,1,fraud_payment
50,388,C302,C2294,15.342505163960064,TRANSFER,1,fraud_transfer
50,389,C1602,M96,136.96578847190096,PAYMENT,1,fraud_payment
50,390,C1602,M26,32.55637846035269,PAYMENT,1,fraud_payment
50,391,C1602,C4488,60.6360752653151,TRANSFER,1,fraud_transfer
50,392,C1626,C1308,97.92865481402495,TRANSFER,1,fraud_transfer
50,393,C3988,C1057,106.58331596894332,TRANSFER,1,fraud_transfer
50,394,C3988,M78,34.61709747649402,PAYMENT,1,fraud_payment
50,395,C3988,M104,70.25770464464549,PAYMENT,1,fraud_payment
50,396,C4836,M39,77.60098883198488,PAYMENT,1,fraud_payment
50,397,C4836,M18,80.93455968911805,PAYMENT,1,fraud_payment
51,398,C1254,M95,250.40356779823983,PAYMENT,1,fraud_payment
51,399,C1254,M99,79.82393416277627,PAYMENT,1,fraud_payment
51,400,C1254,C1116,111.18042250480036,TRANSFER,1,fraud_transfer
51,401,C1684,M9,38.58994628088757,PAYMENT,1,fraud_payment
51,402,C3188,C1394,93.12836336278994,TRANSFER,1,fraud_transfer
51,403,C3188,C650,69.24615164469172,TRANSFER,1,fraud_transfer
51,404,C3546,M113,116.28376706712643,PAYMENT,1,fraud_payment
51,405,C3546,M27,96.93404331666777,PAYMENT,1,fraud_payment
52,406,C2097,C4453,24.427515283952683,TRANSFER,1,fraud_transfer
52,407,C2097,C3596,184.6955819816456,TRANSFER,1,fraud_transfer
53,408,C18,C488,126.89625338681412,TRANSFER,1,fraud_transfer
53,409,C18,M68,162.4133729914195,PAYMENT,1,fraud_payment
53,410,C18,M8,41.40241201058998,PAYMENT,1,fraud_payment
53,411,C1619,M117,33.70696922808101,PAYMENT,1,fraud_payment
53,412,C1619,M17,248.36982323192566,PAYMENT,1,fraud_payment
53,413,C1619,C2458,134.7806684220251,TRANSFER,1,fraud_transfer
53,414,C2097,C4849,68.11399693162666,TRANSFER,1,fraud_transfer
53,415,C2097,C284,130.11075007698696,TRANSFER,1,fraud_transfer
53,416,C2097,M29,48.796998435775265,PAYMENT,1,fraud_payment
53,417,C2354,M104,193.20977662003793,PAYMENT,1,fraud_payment
53,418,C2640,M29,74.92502367170248,PAYMENT,1,fraud_payment
53,419,C2640,C2571,176.48839304370117,TRANSFER,1,fraud_transfer
53,420,C2657,C1666,74.92636087611915,TRANSFER,1,fraud_transfer
53,421,C2657,M31,258.467717206963,PAYMENT,1,fraud_payment
53,422,C3896,C2319,115.62132780083036,TRANSFER,1,fraud_transfer
53,423,C3896,M63,189.11020804542568,PAYMENT,1,fraud_payment
54,424,C1303,M52,85.43035109404731,PAYMENT,1,fraud_payment
54,425,C1303,C1091,62.792089591693845,TRANSFER,1,fraud_transfer
54,426,C1303,M99,101.17269806904687,PAYMENT,1,fraud_payment
54,427,C4224,M102,200.07062918103668,PAYMENT,1,fraud_payment
54,428,C4224,C3856,61.36285579779252,TRANSFER,1,fraud_transfer
54,429,C4224,M115,36.284028067989205,PAYMENT,1,fraud_payment
56,430,C1537,M98,165.56771053020938,PAYMENT,1,fraud_payment
56,431,C1626,M62,116.1299695694409,PAYMENT,1,fraud_payment
57,432,C2151,C1310,139.53407622826046,TRANSFER,1,fraud_transfer
57,433,C4461,M14,177.89423664804414,PAYMENT,1,fraud_payment
57,434,C4461,C3036,166.12366702774045,TRANSFER,1,fraud_transfer
58,435,C4125,M53,44.16609867142488,PAYMENT,1,fraud_payment
59,436,C302,C4359,466.6265338598635,TRANSFER,1,fraud_transfer
59,437,C302,C4160,254.63177446433093,TRANSFER,1,fraud_transfer
59,438,C302,M16,52.1012749586139,PAYMENT,1,fraud_payment
59,439,C1254,M37,227.9841959767039,PAYMENT,1,fraud_payment
59,440,C1254,C2020,59.87868475574805,TRANSFER,1,fraud_transfer
60,441,C2408,C2243,71.4780832525837,TRANSFER,1,fraud_transfer
60,442,C2408,C3627,55.58861021299801,TRANSFER,1,fraud_transfer
61,443,C1531,M25,199.52500135401934,PAYMENT,1,fraud_payment
61,444,C1531,M43,86.16125227234643,PAYMENT,1,fraud_payment
62,445,C1303,M61,129.94845697900166,PAYMENT,1,fraud_payment
62,446,C1453,C815,58.01854802145987,TRANSFER,1,fraud_transfer
62,447,C1453,C752,87.45471526152677,TRANSFER,1,fraud_transfer
62,448,C1453,M47,137.26187877007447,PAYMENT,1,fraud_payment
62,449,C4696,M0,51.70538255008175,PAYMENT,1,fraud_payment
63,450,C1684,M51,40.79271447856531,PAYMENT,1,fraud_payment
63,451,C1684,M96,23.251315499049777,PAYMENT,1,fraud_payment
63,452,C1684,M109,95.4376743053239,PAYMENT,1,fraud_payment
63,453,C2555,M111,24.409583290122843,PAYMENT,1,fraud_payment
63,454,C2640,C745,70.57477749659722,TRANSFER,1,fraud_transfer
63,455,C2640,M84,188.30533116622775,PAYMENT,1,fraud_payment
63,456,C2640,M84,90.80163383176372,PAYMENT,1,fraud_payment
63,457,C4461,C1092,150.7532853173848,TRANSFER,1,fraud_transfer
63,458,C4461,C2546,35.49912042265808,TRANSFER,1,fraud_transfer
64,459,C1254,C222,172.19235572694154,TRANSFER,1,fraud_transfer
64,460,C1842,M42,176.86216396635882,PAYMENT,1,fraud_payment
64,461,C1842,C2304,142.65059603415904,TRANSFER,1,fraud_transfer
64,462,C1842,C3155,113.47459745159863,TRANSFER,1,fraud_transfer
64,463,C2646,C3061,106.22498867437336,TRANSFER,1,fraud_transfer
64,464,C2646,M45,127.75087733955874,PAYMENT,1,fraud_payment
64,465,C3118,C2415,55.81228114975622,TRANSFER,1,fraud_transfer
64,466,C3118,M50,78.32167147928945,PAYMENT,1,fraud_payment
64,467,C3118,C561,114.93814178228794,TRANSFER,1,fraud_transfer
65,468,C18,M7,148.2294764672076,PAYMENT,1,fraud_payment
65,469,C18,M114,164.5986084035343,PAYMENT,1,fraud_payment
65,470,C1303,M78,38.257303395231865,PAYMENT,1,fraud_payment
65,471,C1303,M83,338.93673402648176,PAYMENT,1,fraud_payment
65,472,C1303,M37,387.2151506215039,PAYMENT,1,fraud_payment
65,473,C2555,M93,98.52675246320588,PAYMENT,1,fraud_payment
66,474,C302,M40,159.54322617699032,PAYMENT,1,fraud_payment
66,475,C302,C1128,18.34161552141307,TRANSFER,1,fraud_transfer
66,476,C302,M110,230.33956466097422,PAYMENT,1,fraud_payment
66,477,C1619,M98,64.88241783985447,PAYMENT,1,fraud_payment
66,478,C1619,M50,54.17802060273468,PAYMENT,1,fraud_payment
66,479,C2646,M18,197.08471626729118,PAYMENT,1,fraud_payment
66,480,C2646,M115,120.60678782876322,PAYMENT,1,fraud_payment
66,481,C2646,C60,39.27843457041833,TRANSFER,1,fraud_transfer
66,482,C2657,M3,118.97488676624775,PAYMENT,1,fraud_payment
66,483,C2657,M7,60.09977627503202,PAYMENT,1,fraud_payment
67,484,C1453,M80,44.85647015062119,PAYMENT,1,fraud_payment
67,485,C1537,C3604,197.65778276465701,TRANSFER,1,fraud_transfer
67,486,C1537,M12,130.49067844585443,PAYMENT,1,fraud_payment
67,487,C1619,M55,28.72347487881601,PAYMENT,1,fraud_payment
67,488,C1619,M12,164.37518473027598,PAYMENT,1,fraud_payment
67,489,C1619,C4876,26.360992445614684,TRANSFER,1,fraud_transfer
67,490,C2449,C1042,69.79671448503602,TRANSFER,1,fraud_transfer
67,491,C2657,C785,21.8044123245574,TRANSFER,1,fraud_transfer
67,492,C2657,C2246,19.92726554282791,TRANSFER,1,fraud_transfer
67,493,C2657,M43,45.15417596191278,PAYMENT,1,fraud_payment
67,494,C3188,C4459,102.22468408191148,TRANSFER,1,fraud_transfer
67,495,C3188,C3816,31.172587760942665,TRANSFER,1,fraud_transfer
67,496,C3188,C3413,208.01215834818595,TRANSFER,1,fraud_transfer
67,497,C3896,M25,143.50036904270834,PAYMENT,1,fraud_payment
67,498,C3896,M39,89.86429383011551,PAYMENT,1,fraud_payment
67,499,C3896,M7,175.27393992376517,PAYMENT,1,fraud_payment
67,500,C4461,M51,26.43302367108582,PAYMENT,1,fraud_payment
67,501,C4461,M111,46.56137607921034,PAYMENT,1,fraud_payment
68,502,C752,M42,72.26865749153923,PAYMENT,1,fraud_payment
68,503,C752,C3816,193.83043544081602,TRANSFER,1,fraud_transfer
68,504,C3864,C4199,82.07522200328918,TRANSFER,1,fraud_transfer
68,505,C4696,C4623,45.47386384641018,TRANSFER,1,fraud_transfer
68,506,C4696,M2,53.910021227644314,PAYMENT,1,fraud_payment
69,507,C752,M45,35.996883673193686,PAYMENT,1,fraud_payment
69,508,C752,C3656,44.23418255586039,TRANSFER,1,fraud_transfer
69,509,C1619,M47,101.49131376010605,PAYMENT,1,fraud_payment
69,510,C1619,M11,67.72064543125096,PAYMENT,1,fraud_payment
69,511,C1619,M36,115.63612398311383,PAYMENT,1,fraud_payment
69,512,C1626,C811,58.20302091804658,TRANSFER,1,fraud_transfer
69,513,C1626,C4851,39.75404092065718,TRANSFER,1,fraud_transfer
69,514,C2555,C1269,49.12736629782157,TRANSFER,1,fraud_transfer
69,515,C2555,M103,70.7965895605913,PAYMENT,1,fraud_payment
69,516,C2555,M111,95.56271795158494,PAYMENT,1,fraud_payment
69,517,C3896,M14,118.92283348555,PAYMENT,1,fraud_payment
69,518,C4224,M116,39.629502413096255,PAYMENT,1,fraud_payment
69,519,C4224,M12,72.76560805312161,PAYMENT,1,fraud_payment
70,520,C752,M79,102.67541441033028,PAYMENT,1,fraud_payment
70,521,C752,C2047,121.91032582719905,TRANSFER,1,fraud_transfer
70,522,C752,M7,52.978524342758604,PAYMENT,1,fraud_payment
70,523,C2657,M40,177.0771597427489,PAYMENT,1,fraud_payment
70,524,C3546,C3320,136.62957739477946,TRANSFER,1,fraud_transfer
70,525,C3546,C2312,79.37837556260234,TRANSFER,1,fraud_transfer
71,526,C2657,M88,342.262451633427,PAYMENT,1,fraud_payment
71,527,C2657,M8,64.24368316897616,PAYMENT,1,fraud_payment
71,528,C2657,C1428,89.41659609378266,TRANSFER,1,fraud_transfer
72,529,C787,C1935,570.8995307679465,TRANSFER,1,fraud_transfer
72,530,C787,M9,51.44891464434279,PAYMENT,1,fraud_payment
72,531,C1537,M38,428.4352718936268,PAYMENT,1,fraud_payment
72,532,C1537,C2820,66.72700013490122,TRANSFER,1,fraud_transfer
72,533,C1537,M36,279.5259160280946,PAYMENT,1,fraud_payment
72,534,C1619,C817,72.38838413082803,TRANSFER,1,fraud_transfer
72,535,C1619,M59,60.28353047670911,PAYMENT,1,fraud_payment
72,536,C2354,C3060,90.48854276612586,TRANSFER,1,fraud_transfer
72,537,C2354,M60,426.8967578261941,PAYMENT,1,fraud_payment
72,538,C2354,C976,188.39859151042077,TRANSFER,1,fraud_transfer
72,539,C3546,C3693,467.58120221367454,TRANSFER,1,fraud_transfer
72,540,C3546,C3102,130.42408169507272,TRANSFER,1,fraud_transfer
73,541,C3546,C1434,171.2367602344528,TRANSFER,1,fraud_transfer
73,542,C3546,M88,408.70345501389,PAYMENT,1,fraud_payment
73,543,C3546,C4915,37.55164977767892,TRANSFER,1,fraud_transfer
73,544,C3988,M76,31.162907123836302,PAYMENT,1,fraud_payment
73,545,C3988,M12,271.99846899668495,PAYMENT,1,fraud_payment
73,546,C3988,C3003,49.025480295018546,TRANSFER,1,fraud_transfer
73,547,C4461,M109,317.0400412292776,PAYMENT,1,fraud_payment
73,548,C4461,C911,20.396453265668463,TRANSFER,1,fraud_transfer
74,549,C302,M4,170.56258917431984,PAYMENT,1,fraud_payment
74,550,C752,M47,225.80057374114642,PAYMENT,1,fraud_payment
74,551,C2354,M62,58.65190770583211,PAYMENT,1,fraud_payment
74,552,C2354,C3423,92.6842648271303,TRANSFER,1,fraud_transfer
74,553,C2354,M103,325.3317097943804,PAYMENT,1,fraud_payment
74,554,C4125,C3559,122.27285828638898,TRANSFER,1,fraud_transfer
74,555,C4125,M101,65.38203767464624,PAYMENT,1,fraud_payment
74,556,C4125,M68,141.39830546488363,PAYMENT,1,fraud_payment
75,557,C1254,C4375,180.435338973064,TRANSFER,1,fraud_transfer
75,558,C4125,M67,66.7892637121377,PAYMENT,1,fraud_payment
76,559,C1619,C2049,61.44976510512766,TRANSFER,1,fraud_transfer
76,560,C1619,M10,83.65492444202803,PAYMENT,1,fraud_payment
76,561,C1619,C736,98.5571074131472,TRANSFER,1,fraud_transfer
76,562,C2646,M17,123.25382395098218,PAYMENT,1,fraud_payment
77,563,C752,C2541,83.91590421055318,TRANSFER,1,fraud_transfer
77,564,C752,M89,100.18014265936546,PAYMENT,1,fraud_payment
77,565,C752,C252,190.12812984903312,TRANSFER,1,fraud_transfer
77,566,C1254,C3830,73.5138350826288,TRANSFER,1,fraud_transfer
77,567,C1254,M46,26.618794380917397,PAYMENT,1,fraud_payment
77,568,C1254,M73,63.99197150700558,PAYMENT,1,fraud_payment
77,569,C2640,M100,103.32906679255575,PAYMENT,1,fraud_payment
77,570,C2640,M108,159.39152649942625,PAYMENT,1,fraud_payment
77,571,C2640,M85,138.04496791853404,PAYMENT,1,fraud_payment
77,572,C4224,C4542,60.38051850846442,TRANSFER,1,fraud_transfer
77,573,C4224,C769,71.17954723675149,TRANSFER,1,fraud_transfer
77,574,C4224,C3141,56.459949074058684,TRANSFER,1,fraud_transfer
77,575,C4836,M56,54.67317232184042,PAYMENT,1,fraud_payment
78,576,C335,M108,816.0995596672207,PAYMENT,1,fraud_payment
78,577,C335,C113,49.115277725910374,TRANSFER,1,fraud_transfer
78,578,C335,C2486,135.95455954394703,TRANSFER,1,fraud_transfer
78,579,C787,M19,133.34086169116176,PAYMENT,1,fraud_payment
78,580,C787,C1621,215.74452741260203,TRANSFER,1,fraud_transfer
78,581,C1684,C2128,348.3931062865105,TRANSFER,1,fraud_transfer
78,582,C1684,M97,44.58658593306572,PAYMENT,1,fraud_payment
78,583,C1684,C4882,75.5309646529881,TRANSFER,1,fraud_transfer
78,584,C2640,C4992,264.1353475477089,TRANSFER,1,fraud_transfer
78,585,C2640,M117,39.14913068761617,PAYMENT,1,fraud_payment
78,586,C2640,M93,147.24683672466958,PAYMENT,1,fraud_payment
79,587,C752,M40,84.47199600650485,PAYMENT,1,fraud_payment
79,588,C752,M55,174.0535210050297,PAYMENT,1,fraud_payment
79,589,C1684,M17,369.43318130201396,PAYMENT,1,fraud_payment
79,590,C1684,M56,49.048159207867826,PAYMENT,1,fraud_payment
79,591,C1684,C192,63.720917865047014,TRANSFER,1,fraud_transfer
79,592,C2555,M114,15.946945720512915,PAYMENT,1,fraud_payment
80,593,C2354,C3182,32.352459636154244,TRANSFER,1,fraud_transfer
80,594,C2354,C1473,38.45705658186184,TRANSFER,1,fraud_transfer
80,595,C2354,C3182,189.42386077911073,TRANSFER,1,fraud_transfer
81,596,C752,C4873,255.8461654315465,TRANSFER,1,fraud_transfer
81,597,C1254,M90,113.68232374458897,PAYMENT,1,fraud_payment
81,598,C1254,C4763,108.5997191681956,TRANSFER,1,fraud_transfer
81,599,C2408,C2323,113.33108506275967,TRANSFER,1,fraud_transfer
81,600,C2408,M50,31.16453413590775,PAYMENT,1,fraud_payment
81,601,C2408,M117,54.526193476479754,PAYMENT,1,fraud_payment
81,602,C3116,C2111,88.34271889253674,TRANSFER,1,fraud_transfer
81,603,C3116,M111,54.143467253027765,PAYMENT,1,fraud_payment
81,604,C4696,M117,119.32738106469529,PAYMENT,1,fraud_payment
81,605,C4696,M100,77.09974873614556,PAYMENT,1,fraud_payment
82,606,C335,M27,233.6228988759696,PAYMENT,1,fraud_payment
82,607,C335,M97,85.56044255944633,PAYMENT,1,fraud_payment
82,608,C335,C2058,42.64838508014402,TRANSFER,1,fraud_transfer
82,609,C1254,C1781,30.745732432273954,TRANSFER,1,fraud_transfer
82,610,C1303,M59,193.63009262747113,PAYMENT,1,fraud_payment
82,611,C1303,M38,56.42625694010741,PAYMENT,1,fraud_payment
82,612,C1303,M61,49.489691954755024,PAYMENT,1,fraud_payment
82,613,C3988,M89,231.57425328016484,PAYMENT,1,fraud_payment
83,614,C752,M101,41.45112576493193,PAYMENT,1,fraud_payment
83,615,C752,M97,58.13046738689873,PAYMENT,1,fraud_payment
83,616,C752,C3272,61.5709190654006,TRANSFER,1,fraud_transfer
83,617,C787,C453,79.05229262545619,TRANSFER,1,fraud_transfer
83,618,C787,M94,176.95043985493635,PAYMENT,1,fraud_payment
83,619,C787,M91,195.89125597432616,PAYMENT,1,fraud_payment
83,620,C1842,M92,69.58925191659165,PAYMENT,1,fraud_payment
83,621,C1842,M60,128.10165040408464,PAYMENT,1,fraud_payment
83,622,C1842,M16,57.128843794660405,PAYMENT,1,fraud_payment
83,623,C4079,C1221,170.0529968913241,TRANSFER,1,fraud_transfer
83,624,C4079,M96,36.57659608293066,PAYMENT,1,fraud_payment
83,625,C4836,C2261,200.66287144680842,TRANSFER,1,fraud_transfer
83,626,C4836,C1492,72.83363760165255,TRANSFER,1,fraud_transfer
84,627,C1254,M25,131.79171878544534,PAYMENT,1,fraud_payment
84,628,C1254,C2170,35.42486213955686,TRANSFER,1,fraud_transfer
84,629,C1254,M28,132.62858405590708,PAYMENT,1,fraud_payment
84,630,C1602,M84,56.76668955318538,PAYMENT,1,fraud_payment
84,631,C1602,M1,150.8963250204661,PAYMENT,1,fraud_payment
84,632,C2657,C1665,66.95841811343301,TRANSFER,1,fraud_transfer
84,633,C2657,C3709,105.39876715954516,TRANSFER,1,fraud_transfer
85,634,C1602,M59,105.45494873281675,PAYMENT,1,fraud_payment
85,635,C1602,M74,154.32499080391958,PAYMENT,1,fraud_payment
85,636,C1602,C1004,138.25199745267284,TRANSFER,1,fraud_transfer
85,637,C1619,M83,38.44967977161405,PAYMENT,1,fraud_payment
85,638,C2646,C1578,69.14151452406963,TRANSFER,1,fraud_transfer
85,639,C2646,M104,259.9671331320362,PAYMENT,1,fraud_payment
86,640,C752,M73,75.49998208368326,PAYMENT,1,fraud_payment
86,641,C2449,M15,119.7940812013454,PAYMENT,1,fraud_payment
86,642,C2449,M117,129.3052443452585,PAYMENT,1,fraud_payment
86,643,C2646,M36,138.72832600170872,PAYMENT,1,fraud_payment
86,644,C2646,M94,130.14073426181469,PAYMENT,1,fraud_payment
86,645,C2646,C1390,90.9250482079003,TRANSFER,1,fraud_transfer
86,646,C4461,M56,525.034984507061,PAYMENT,1,fraud_payment
86,647,C4461,C4514,87.61350003727539,TRANSFER,1,fraud_transfer
87,648,C335,M46,36.41146624372232,PAYMENT,1,fraud_payment
87,649,C1602,C4674,86.03476015288491,TRANSFER,1,fraud_transfer
87,650,C1602,M67,105.75808803747994,PAYMENT,1,fraud_payment
87,651,C2646,M25,37.06557865553838,PAYMENT,1,fraud_payment
87,652,C3546,C3195,277.2395657407405,TRANSFER,1,fraud_transfer
87,653,C4079,C3018,69.51789167863006,TRANSFER,1,fraud_transfer
87,654,C4696,M48,30.130881064719865,PAYMENT,1,fraud_payment
87,655,C4696,M108,84.40485968312832,PAYMENT,1,fraud_payment
87,656,C4696,C860,131.89905710321176,TRANSFER,1,fraud_transfer
87,657,C4836,M80,56.45562691097259,PAYMENT,1,fraud_payment
88,658,C2657,C4018,93.96644705392198,TRANSFER,1,fraud_transfer
89,659,C3896,M22,86.8744388057095,PAYMENT,1,fraud_payment
89,660,C3896,M102,328.00109479994376,PAYMENT,1,fraud_payment
90,661,C302,M80,113.67479715565547,PAYMENT,1,fraud_payment
90,662,C3988,C976,181.88369433854095,TRANSFER,1,fraud_transfer
90,663,C3988,C2792,21.935094255016406,TRANSFER,1,fraud_transfer
90,664,C3988,C539,180.3212163185375,TRANSFER,1,fraud_transfer
91,665,C787,C4093,33.760706033697865,TRANSFER,1,fraud_transfer
91,666,C787,M11,97.06098084766737,PAYMENT,1,fraud_payment
91,667,C787,M76,173.99116669178636,PAYMENT,1,fraud_payment
91,668,C1602,C2083,58.46412445111914,TRANSFER,1,fraud_transfer
91,669,C1619,M20,80.71925319847549,PAYMENT,1,fraud_payment
91,670,C1619,M87,193.46831047904615,PAYMENT,1,fraud_payment
91,671,C1619,M115,76.72282899264572,PAYMENT,1,fraud_payment
92,672,C3864,C2394,151.89036606024194,TRANSFER,1,fraud_transfer
92,673,C3864,M8,82.03507733620104,PAYMENT,1,fraud_payment
93,674,C2354,M33,49.73727202667394,PAYMENT,1,fraud_payment
93,675,C2354,C832,73.53394713875517,TRANSFER,1,fraud_transfer
93,676,C2354,M45,146.42812020285436,PAYMENT,1,fraud_payment
93,677,C3116,M49,232.56419218974304,PAYMENT,1,fraud_payment
93,678,C3988,M115,355.23779251229877,PAYMENT,1,fraud_payment
93,679,C4461,M18,16.375334329919035,PAYMENT,1,fraud_payment
93,680,C4461,C799,41.087895940244096,TRANSFER,1,fraud_transfer
93,681,C4696,C1102,269.6700354665945,TRANSFER,1,fraud_transfer
94,682,C1254,C2322,103.27548119171014,TRANSFER,1,fraud_transfer
94,683,C1684,C138,268.1611692854476,TRANSFER,1,fraud_transfer
94,684,C2640,C1144,55.46531525878192,TRANSFER,1,fraud_transfer
94,685,C2646,M54,268.1260786222644,PAYMENT,1,fraud_payment
94,686,C3988,M47,64.95925550784843,PAYMENT,1,fraud_payment
94,687,C4079,C4120,269.01975345651124,TRANSFER,1,fraud_transfer
94,688,C4461,C3,34.84828750208676,TRANSFER,1,fraud_transfer
94,689,C4461,M51,46.05828651523519,PAYMENT,1,fraud_payment
94,690,C4461,M37,50.01743156207262,PAYMENT,1,fraud_payment
95,691,C2646,C3311,171.8497719686602,TRANSFER,1,fraud_transfer
95,692,C3896,M55,76.99413811632505,PAYMENT,1,fraud_payment
95,693,C3896,C958,75.80690345912954,TRANSFER,1,fraud_transfer
95,694,C3896,C481,84.55373120245336,TRANSFER,1,fraud_transfer
96,695,C302,M46,40.79539471231734,PAYMENT,1,fraud_payment
96,696,C752,M119,17.38817964977448,PAYMENT,1,fraud_payment
96,697,C752,M36,126.84562857835064,PAYMENT,1,fraud_payment
96,698,C752,C3994,173.89176059236573,TRANSFER,1,fraud_transfer
96,699,C1254,C4833,205.10424287668553,TRANSFER,1,fraud_transfer
96,700,C2354,C4931,314.5041247417635,TRANSFER,1,fraud_transfer
97,701,C1254,C4727,443.60784438061165,TRANSFER,1,fraud_transfer
97,702,C3896,M60,71.57024176300752,PAYMENT,1,fraud_payment
97,703,C3896,M86,172.28974605298748,PAYMENT,1,fraud_payment
97,704,C3896,M25,14.181872790654689,PAYMENT,1,fraud_payment
98,705,C752,M103,228.7717498756374,PAYMENT,1,fraud_payment
98,706,C2449,C371,55.909689202913256,TRANSFER,1,fraud_transfer
98,707,C2449,M51,138.55773378956883,PAYMENT,1,fraud_payment
98,708,C2449,M40,26.384265111443046,PAYMENT,1,fraud_payment
98,709,C3546,C4921,192.2460741698761,TRANSFER,1,fraud_transfer
98,710,C3546,M110,74.8233587085619,PAYMENT,1,fraud_payment
98,711,C3546,M23,63.39208239256586,PAYMENT,1,fraud_payment
98,712,C3864,M90,75.58241287690176,PAYMENT,1,fraud_payment
99,713,C1684,C3139,145.09071180553792,TRANSFER,1,fraud_transfer
99,714,C1684,M119,64.07662420470497,PAYMENT,1,fraud_payment
99,715,C1684,M77,118.30060800596125,PAYMENT,1,fraud_payment
99,716,C3546,M5,28.931937450653365,PAYMENT,1,fraud_payment
99,717,C3546,M19,102.48951201119068,PAYMENT,1,fraud_payment
99,718,C3546,M30,176.8773550842409,PAYMENT,1,fraud_payment
100,719,C2640,C2622,358.403039876108,TRANSFER,1,fraud_transfer
101,720,C335,M31,164.70520752292347,PAYMENT,1,fraud_payment
101,721,C335,C1588,40.55661091871708,TRANSFER,1,fraud_transfer
101,722,C335,C2084,157.57535446384037,TRANSFER,1,fraud_transfer
101,723,C1303,M59,52.15889249538316,PAYMENT,1,fraud_payment
101,724,C1602,M7,59.770732339478364,PAYMENT,1,fraud_payment
101,725,C1602,M108,107.07581332317291,PAYMENT,1,fraud_payment
101,726,C1602,M97,94.53584497622758,PAYMENT,1,fraud_payment
101,727,C3896,M37,130.79113594990085,PAYMENT,1,fraud_payment
101,728,C3896,M65,117.59807236560331,PAYMENT,1,fraud_payment
101,729,C3896,M35,191.6975209594347,PAYMENT,1,fraud_payment
101,730,C4696,M47,137.0361955581102,PAYMENT,1,fraud_payment
101,731,C4696,M59,39.37747802137441,PAYMENT,1,fraud_payment
101,732,C4696,M76,79.44521297054868,PAYMENT,1,fraud_payment
102,733,C1842,M83,50.67075538314021,PAYMENT,1,fraud_payment
102,734,C2449,C1717,238.45243542795052,TRANSFER,1,fraud_transfer
102,735,C2449,C4103,70.90562072675318,TRANSFER,1,fraud_transfer
103,736,C3864,M81,185.6470196978965,PAYMENT,1,fraud_payment
103,737,C4125,C2761,150.03089976178268,TRANSFER,1,fraud_transfer
103,738,C4125,M113,177.55435413639202,PAYMENT,1,fraud_payment
103,739,C4461,C1144,89.68311752621554,TRANSFER,1,fraud_transfer
103,740,C4461,M43,71.66422234437071,PAYMENT,1,fraud_payment
103,741,C4461,M96,185.9568846453549,PAYMENT,1,fraud_payment
104,742,C1842,M104,152.5920675811013,PAYMENT,1,fraud_payment
104,743,C1842,M82,130.79175904350714,PAYMENT,1,fraud_payment
104,744,C3116,M26,81.40273377525584,PAYMENT,1,fraud_payment
104,745,C3116,C111,135.43456683776276,TRANSFER,1,fraud_transfer
104,746,C3116,M21,206.0440627643502,PAYMENT,1,fraud_payment
105,747,C3546,M79,300.8034363872188,PAYMENT,1,fraud_payment
105,748,C3988,M80,143.38953767156536,PAYMENT,1,fraud_payment
105,749,C3988,M113,201.97804452588517,PAYMENT,1,fraud_payment
105,750,C3988,M93,132.11871455719887,PAYMENT,1,fraud_payment
106,751,C752,M82,72.40248053773846,PAYMENT,1,fraud_payment
106,752,C752,M4,84.01472026687203,PAYMENT,1,fraud_payment
106,753,C1602,M94,65.91212665124597,PAYMENT,1,fraud_payment
106,754,C1602,C2344,696.8719785303513,TRANSFER,1,fraud_transfer
107,755,C4836,M118,37.87562258379184,PAYMENT,1,fraud_payment
107,756,C4836,C1396,134.9687911789536,TRANSFER,1,fraud_transfer
107,757,C4836,M41,31.95517357165822,PAYMENT,1,fraud_payment
108,758,C302,M102,119.73322722808315,PAYMENT,1,fraud_payment
108,759,C302,M115,42.20598815644013,PAYMENT,1,fraud_payment
108,760,C1842,C2002,102.69928184975743,TRANSFER,1,fraud_transfer
108,761,C1842,C1586,50.074710210613006,TRANSFER,1,fraud_transfer
108,762,C2640,M92,74.72522457445783,PAYMENT,1,fraud_payment
108,763,C2640,M108,62.43275446521716,PAYMENT,1,fraud_payment
108,764,C3116,C1678,27.728208402008864,TRANSFER,1,fraud_transfer
108,765,C3116,M91,102.67201741597262,PAYMENT,1,fraud_payment
110,766,C4079,C285,85.49921780669902,TRANSFER,1,fraud_transfer
110,767,C4079,M103,77.68025165437756,PAYMENT,1,fraud_payment
110,768,C4079,M2,73.22501067396337,PAYMENT,1,fraud_payment
110,769,C4836,C1544,269.6457692732853,TRANSFER,1,fraud_transfer
110,770,C4836,C1808,16.392587837776052,TRANSFER,1,fraud_transfer
110,771,C4836,C4840,108.46011510353695,TRANSFER,1,fraud_transfer
111,772,C302,M51,25.11424074703708,PAYMENT,1,fraud_payment
111,773,C302,C1530,40.241345009370924,TRANSFER,1,fraud_transfer
111,774,C1254,M40,13.881604139899082,PAYMENT,1,fraud_payment
111,775,C1531,C3940,54.95097621228503,TRANSFER,1,fraud_transfer
111,776,C3116,M69,73.9620630277166,PAYMENT,1,fraud_payment
111,777,C3116,M63,207.6088894386886,PAYMENT,1,fraud_payment
111,778,C3988,M107,47.9282634614554,PAYMENT,1,fraud_payment
111,779,C4461,M54,335.930063113003,PAYMENT,1,fraud_payment
111,780,C4461,M117,26.3681964603108,PAYMENT,1,fraud_payment
112,781,C335,C2782,645.2942061126922,TRANSFER,1,fraud_transfer
112,782,C752,M15,55.52488975686267,PAYMENT,1,fraud_payment
112,783,C752,C3265,36.58576804991565,TRANSFER,1,fraud_transfer
112,784,C2657,M90,43.80627092768503,PAYMENT,1,fraud_payment
112,785,C4125,M74,272.314713892211,PAYMENT,1,fraud_payment
112,786,C4125,M87,84.81729120731715,PAYMENT,1,fraud_payment
112,787,C4125,M74,45.34875775988234,PAYMENT,1,fraud_payment
113,788,C302,M98,134.28223753318434,PAYMENT,1,fraud_payment
113,789,C302,M26,150.17120879653598,PAYMENT,1,fraud_payment
113,790,C302,M77,245.59955296505046,PAYMENT,1,fraud_payment
113,791,C752,C3669,54.30123181191782,TRANSFER,1,fraud_transfer
113,792,C752,C1181,59.87897343244601,TRANSFER,1,fraud_transfer
113,793,C752,M79,247.52123362302,PAYMENT,1,fraud_payment
113,794,C4125,M60,234.69289811810629,PAYMENT,1,fraud_payment
113,795,C4125,C3407,17.37800746419269,TRANSFER,1,fraud_transfer
114,796,C2657,C2076,28.6993026578695,TRANSFER,1,fraud_transfer
114,797,C2657,C42,16.55482684487669,TRANSFER,1,fraud_transfer
114,798,C2657,M44,101.79270836654543,PAYMENT,1,fraud_payment
116,799,C335,M52,31.833516883167373,PAYMENT,1,fraud_payment
116,800,C4224,C4961,13.943843566009186,TRANSFER,1,fraud_transfer
117,801,C335,C1490,107.50172686586272,TRANSFER,1,fraud_transfer
117,802,C335,C29,146.8279406286351,TRANSFER,1,fraud_transfer
118,803,C335,C4445,145.19656630988865,TRANSFER,1,fraud_transfer
118,804,C335,M62,57.73103739320449,PAYMENT,1,fraud_payment
118,805,C2449,M85,163.8411450117225,PAYMENT,1,fraud_payment
118,806,C2449,M23,191.31934812817153,PAYMENT,1,fraud_payment
118,807,C2449,M104,98.96726545907877,PAYMENT,1,fraud_payment
119,808,C2354,C1954,467.1411454616127,TRANSFER,1,fraud_transfer
119,809,C2354,M9,64.25712768215826,PAYMENT,1,fraud_payment
119,810,C2354,M110,250.1599550174071,PAYMENT,1,fraud_payment
119,811,C3116,C4003,91.06675287255098,TRANSFER,1,fraud_transfer
119,812,C3116,M61,31.073340420635343,PAYMENT,1,fraud_payment
119,813,C3116,M17,102.5184944624926,PAYMENT,1,fraud_payment
119,814,C3988,C2791,34.4473803594017,TRANSFER,1,fraud_transfer
120,815,C2640,M45,86.361498449018,PAYMENT,1,fraud_payment
120,816,C2640,M98,190.3683116212477,PAYMENT,1,fraud_payment
120,817,C2640,M80,106.50854463759144,PAYMENT,1,fraud_payment
121,818,C3896,C1255,58.37150150879344,TRANSFER,1,fraud_transfer
121,819,C3896,M2,126.59777712716924,PAYMENT,1,fraud_payment
121,820,C3896,C3063,168.31092013708366,TRANSFER,1,fraud_transfer
121,821,C4696,M16,75.68108184499754,PAYMENT,1,fraud_payment
122,822,C1537,C4882,386.4821417383338,TRANSFER,1,fraud_transfer
122,823,C1537,M102,99.50067106044821,PAYMENT,1,fraud_payment
122,824,C1602,M104,108.77157205851887,PAYMENT,1,fraud_payment
122,825,C1684,M97,273.81683221007887,PAYMENT,1,fraud_payment
122,826,C1684,M61,82.0016702244191,PAYMENT,1,fraud_payment
122,827,C1684,M111,104.93147750790497,PAYMENT,1,fraud_payment
122,828,C2646,C3212,52.496323647827204,TRANSFER,1,fraud_transfer
122,829,C2646,M111,224.64146131009787,PAYMENT,1,fraud_payment
122,830,C2646,M111,167.0706088747319,PAYMENT,1,fraud_payment
122,831,C4696,M53,143.79089163030363,PAYMENT,1,fraud_payment
122,832,C4696,M104,95.46206899313829,PAYMENT,1,fraud_payment
122,833,C4696,M52,13.888185905761405,PAYMENT,1,fraud_payment
123,834,C1537,M33,167.60581294898364,PAYMENT,1,fraud_payment
123,835,C1537,M80,140.17224394356134,PAYMENT,1,fraud_payment
123,836,C1537,C3573,82.32523453723043,TRANSFER,1,fraud_transfer
123,837,C1684,M95,191.7248455547462,PAYMENT,1,fraud_payment
123,838,C1684,C1557,32.74659564984391,TRANSFER,1,fraud_transfer
123,839,C3896,C2954,99.80763276815641,TRANSFER,1,fraud_transfer
123,840,C3896,M68,119.22936393748851,PAYMENT,1,fraud_payment
123,841,C3896,M50,138.8746656453119,PAYMENT,1,fraud_payment
123,842,C3988,M55,62.683099017879194,PAYMENT,1,fraud_payment
124,843,C3988,C1571,27.094248236401967,TRANSFER,1,fraud_transfer
124,844,C4079,M79,40.45127887121302,PAYMENT,1,fraud_payment
125,845,C4836,M89,125.83743622508447,PAYMENT,1,fraud_payment
125,846,C4836,M18,116.39550112176096,PAYMENT,1,fraud_payment
125,847,C4836,M100,34.873626113271044,PAYMENT,1,fraud_payment
126,848,C1684,M55,77.5785455110584,PAYMENT,1,fraud_payment
126,849,C1684,M23,93.99231681646214,PAYMENT,1,fraud_payment
126,850,C1684,C2572,107.79037324479562,TRANSFER,1,fraud_transfer
126,851,C2449,M72,44.76450251071641,PAYMENT,1,fraud_payment
126,852,C2449,M24,119.99135060803916,PAYMENT,1,fraud_payment
126,853,C2449,C1242,150.8923178030765,TRANSFER,1,fraud_transfer
126,854,C3988,M63,296.2843608069868,PAYMENT,1,fraud_payment
126,855,C3988,M114,43.02714588563062,PAYMENT,1,fraud_payment
126,856,C4224,C469,11.039970407668697,TRANSFER,1,fraud_transfer
126,857,C4224,C2288,217.67196506956117,TRANSFER,1,fraud_transfer
126,858,C4224,C37,295.248335225998,TRANSFER,1,fraud_transfer
127,859,C335,C3798,79.54049895461642,TRANSFER,1,fraud_transfer
127,860,C335,M74,53.88185928414574,PAYMENT,1,fraud_payment
127,861,C335,M69,80.00626501950671,PAYMENT,1,fraud_payment
127,862,C752,C4552,339.5316700563508,TRANSFER,1,fraud_transfer
127,863,C787,M114,111.44242763791722,PAYMENT,1,fraud_payment
127,864,C787,C4057,70.41386099217063,TRANSFER,1,fraud_transfer
127,865,C2354,C1932,55.66358434800481,TRANSFER,1,fraud_transfer
127,866,C2354,M55,63.96493954926501,PAYMENT,1,fraud_payment
127,867,C2449,C3794,69.46664493191024,TRANSFER,1,fraud_transfer
128,868,C4079,M66,71.29683478903908,PAYMENT,1,fraud_payment
128,869,C4079,M59,40.44689583586059,PAYMENT,1,fraud_payment
129,870,C1602,C412,132.1938327922347,TRANSFER,1,fraud_transfer
129,871,C1602,M99,99.03710419378271,PAYMENT,1,fraud_payment
129,872,C3116,M65,24.95391579226563,PAYMENT,1,fraud_payment
129,873,C3116,M51,138.29838319213104,PAYMENT,1,fraud_payment
129,874,C3116,M57,107.57564741672903,PAYMENT,1,fraud_payment
130,875,C787,M17,167.13392945697063,PAYMENT,1,fraud_payment
130,876,C787,M52,117.41387230123952,PAYMENT,1,fraud_payment
130,877,C787,C1638,112.57817751047419,TRANSFER,1,fraud_transfer
131,878,C787,M76,193.75867313382918,PAYMENT,1,fraud_payment
131,879,C3546,M114,303.4635911859986,PAYMENT,1,fraud_payment
131,880,C3546,C233,95.09500958981276,TRANSFER,1,fraud_transfer
131,881,C3546,C333,93.363893410493,TRANSFER,1,fraud_transfer
131,882,C3896,M100,150.64679182825506,PAYMENT,1,fraud_payment
131,883,C3896,M30,78.88837888714464,PAYMENT,1,fraud_payment
132,884,C1537,C2369,634.7124922627423,TRANSFER,1,fraud_transfer
132,885,C3988,C767,31.964500925942314,TRANSFER,1,fraud_transfer
132,886,C3988,M102,184.45536962920255,PAYMENT,1,fraud_payment
132,887,C4079,C4066,119.86547729433258,TRANSFER,1,fraud_transfer
132,888,C4125,M111,213.0682574206197,PAYMENT,1,fraud_payment
132,889,C4696,M118,174.97438702447872,PAYMENT,1,fraud_payment
133,890,C2449,M119,75.12602531895797,PAYMENT,1,fraud_payment
133,891,C2449,M1,153.1537529685263,PAYMENT,1,fraud_payment
133,892,C2449,M44,80.58361181131815,PAYMENT,1,fraud_payment
133,893,C3864,M13,94.36394686521136,PAYMENT,1,fraud_payment
133,894,C3864,C4009,165.0810500102313,TRANSFER,1,fraud_transfer
133,895,C3864,M110,274.7557889966538,PAYMENT,1,fraud_payment
133,896,C4125,C1943,243.1427976343536,TRANSFER,1,fraud_transfer
133,897,C4125,C2304,166.48577096825676,TRANSFER,1,fraud_transfer
133,898,C4125,M0,301.2049347141668,PAYMENT,1,fraud_payment
133,899,C4696,M26,185.58177787776478,PAYMENT,1,fraud_payment
133,900,C4696,C664,50.7124453798844,TRANSFER,1,fraud_transfer
134,901,C1537,M105,134.81203599456396,PAYMENT,1,fraud_payment
134,902,C1537,M14,94.69984360330488,PAYMENT,1,fraud_payment
134,903,C1537,M103,48.365106136335946,PAYMENT,1,fraud_payment
135,904,C302,C3819,218.7336692693567,TRANSFER,1,fraud_transfer
135,905,C302,C3489,103.04722244896291,TRANSFER,1,fraud_transfer
136,906,C335,M105,142.30358659874295,PAYMENT,1,fraud_payment
136,907,C2354,M35,28.68496729589761,PAYMENT,1,fraud_payment
136,908,C3116,C1453,22.342964182973205,TRANSFER,1,fraud_transfer
136,909,C4125,M12,126.76700332129764,PAYMENT,1,fraud_payment
136,910,C4125,M74,236.33190393657816,PAYMENT,1,fraud_payment
137,911,C3546,C4459,67.77538775020962,TRANSFER,1,fraud_transfer
137,912,C3546,M96,37.74380211053122,PAYMENT,1,fraud_payment
137,913,C3546,C1157,51.08341594859475,TRANSFER,1,fraud_transfer
137,914,C3864,M83,195.6054951364905,PAYMENT,1,fraud_payment
138,915,C1537,M60,22.20243251484679,PAYMENT,1,fraud_payment
138,916,C2449,M58,147.2229923479125,PAYMENT,1,fraud_payment
138,917,C2449,C2258,217.67795111185865,TRANSFER,1,fraud_transfer
138,918,C2449,M69,174.58057294190587,PAYMENT,1,fraud_payment
138,919,C3546,C2928,37.296583410692016,TRANSFER,1,fraud_transfer
138,920,C3546,M25,68.36258307461246,PAYMENT,1,fraud_payment
138,921,C3546,M27,65.64987437762508,PAYMENT,1,fraud_payment
138,922,C4224,M65,58.591895232107326,PAYMENT,1,fraud_payment
139,923,C1684,C2083,204.71076448141145,TRANSFER,1,fraud_transfer
139,924,C1684,M16,271.59380205319894,PAYMENT,1,fraud_payment
139,925,C1684,M97,98.49036486090071,PAYMENT,1,fraud_payment
139,926,C4836,C2089,62.339208582713084,TRANSFER,1,fraud_transfer
139,927,C4836,M60,146.7478244823921,PAYMENT,1,fraud_payment
139,928,C4836,C3362,132.53289546367856,TRANSFER,1,fraud_transfer
140,929,C335,C3091,70.75688910674012,TRANSFER,1,fraud_transfer
140,930,C335,M1,24.359536180583873,PAYMENT,1,fraud_payment
140,931,C4079,C4283,91.72902604402692,TRANSFER,1,fraud_transfer
140,932,C4079,M15,69.16257834828869,PAYMENT,1,fraud_payment
140,933,C4079,C1765,70.34769088650826,TRANSFER,1,fraud_transfer
141,934,C2449,C3127,151.5836486374468,TRANSFER,1,fraud_transfer
141,935,C2449,C3213,173.88925969232145,TRANSFER,1,fraud_transfer
141,936,C2449,C888,93.57815893897241,TRANSFER,1,fraud_transfer
142,937,C3546,M21,88.40128616072157,PAYMENT,1,fraud_payment
142,938,C4224,M106,203.9957715496043,PAYMENT,1,fraud_payment
142,939,C4224,C1164,49.44268978628427,TRANSFER,1,fraud_transfer
142,940,C4224,M59,73.55030267444329,PAYMENT,1,fraud_payment
143,941,C1537,M44,308.1900234357968,PAYMENT,1,fraud_payment
143,942,C1537,C3403,160.9051073654206,TRANSFER,1,fraud_transfer
143,943,C1537,C1297,82.62040281724494,TRANSFER,1,fraud_transfer
144,944,C1537,M67,123.4905459541404,PAYMENT,1,fraud_payment
144,945,C1537,M92,159.9624081092018,PAYMENT,1,fraud_payment
144,946,C1619,M28,187.23121155985982,PAYMENT,1,fraud_payment
144,947,C1619,M51,137.15805212280137,PAYMENT,1,fraud_payment
144,948,C3988,M117,262.4439196952601,PAYMENT,1,fraud_payment
145,949,C752,M53,229.05446886277505,PAYMENT,1,fraud_payment
146,950,C1602,M61,104.70562796062127,PAYMENT,1,fraud_payment
146,951,C3546,M60,51.7549632824565,PAYMENT,1,fraud_payment
146,952,C3546,C670,143.15837137589156,TRANSFER,1,fraud_transfer
147,953,C2354,M57,86.34622218956709,PAYMENT,1,fraud_payment
147,954,C2354,M73,42.80860764836265,PAYMENT,1,fraud_payment
147,955,C2354,C3726,53.84336911182957,TRANSFER,1,fraud_transfer
148,956,C2449,C3145,78.96525677614568,TRANSFER,1,fraud_transfer
148,957,C4224,C406,82.44050304214544,TRANSFER,1,fraud_transfer
148,958,C4224,M102,305.23049011230273,PAYMENT,1,fraud_payment
149,959,C3864,C1029,72.12363627516385,TRANSFER,1,fraud_transfer
149,960,C3864,C89,89.26345226727635,TRANSFER,1,fraud_transfer
149,961,C4696,M108,49.36433563421687,PAYMENT,1,fraud_payment
149,962,C4696,M49,139.2276704007343,PAYMENT,1,fraud_payment
150,963,C752,M109,118.17631919907396,PAYMENT,1,fraud_payment
150,964,C752,M3,88.67656235665504,PAYMENT,1,fraud_payment
150,965,C3546,M12,128.042497080881,PAYMENT,1,fraud_payment
150,966,C3546,M68,55.661614289214974,PAYMENT,1,fraud_payment
150,967,C4125,M42,159.25391581942034,PAYMENT,1,fraud_payment
151,968,C4224,M6,58.7589723764456,PAYMENT,1,fraud_payment
152,969,C4696,M79,167.32563678616776,PAYMENT,1,fraud_payment
152,970,C4696,C4265,123.81527612962658,TRANSFER,1,fraud_transfer
152,971,C4696,M4,76.41587514952802,PAYMENT,1,fraud_payment
153,972,C302,M39,49.50084134705695,PAYMENT,1,fraud_payment
153,973,C752,C1084,304.7745917974444,TRANSFER,1,fraud_transfer
153,974,C752,M71,146.13034516800397,PAYMENT,1,fraud_payment
153,975,C1684,M80,153.19718905546887,PAYMENT,1,fraud_payment
153,976,C1684,M10,58.714269086173424,PAYMENT,1,fraud_payment
153,977,C1684,M11,23.102101081527508,PAYMENT,1,fraud_payment
153,978,C2449,C4185,154.84110191812962,TRANSFER,1,fraud_transfer
153,979,C3988,M20,36.17562969114455,PAYMENT,1,fraud_payment
153,980,C3988,M1,118.85626549964584,PAYMENT,1,fraud_payment
153,981,C3988,M4,523.0675429202322,PAYMENT,1,fraud_payment
153,982,C4696,M100,24.368205125994262,PAYMENT,1,fraud_payment
153,983,C4696,M15,71.14498254775215,PAYMENT,1,fraud_payment
154,984,C302,M90,63.2488222323814,PAYMENT,1,fraud_payment
154,985,C302,M91,91.73558376989634,PAYMENT,1,fraud_payment
154,986,C302,C2189,14.351167265709845,TRANSFER,1,fraud_transfer
155,987,C3116,C646,130.46419193171363,TRANSFER,1,fraud_transfer
155,988,C4224,M12,35.014052884671806,PAYMENT,1,fraud_payment
156,989,C1453,M89,22.342964182973205,PAYMENT,1,fraud_payment
156,990,C1684,C587,60.698181418362616,TRANSFER,1,fraud_transfer
156,991,C1684,C4553,91.15255748433268,TRANSFER,1,fraud_transfer
156,992,C4079,M67,103.47032518182222,PAYMENT,1,fraud_payment
157,993,C1303,M112,37.58336160620914,PAYMENT,1,fraud_payment
157,994,C4696,M106,221.72464968865725,PAYMENT,1,fraud_payment
158,995,C335,C4215,117.74447478513451,TRANSFER,1,fraud_transfer
158,996,C335,M43,109.15747116005231,PAYMENT,1,fraud_payment
158,997,C335,M38,389.56431190144167,PAYMENT,1,fraud_payment
158,998,C3864,M0,157.17263204691514,PAYMENT,1,fraud_payment
159,999,C3896,M44,33.7846584565717,PAYMENT,1,fraud_payment
159,1000,C3896,M116,73.35600105301343,PAYMENT,1,fraud_payment
159,1001,C3896,M20,73.42573806118641,PAYMENT,1,fraud_payment
159,1002,C4836,C4507,302.49665061153456,TRANSFER,1,fraud_transfer
160,1003,C1619,M80,59.295528473139456,PAYMENT,1,fraud_payment
160,1004,C1619,M73,79.72733093207158,PAYMENT,1,fraud_payment
161,1005,C302,C2972,48.289217486118694,TRANSFER,1,fraud_transfer
161,1006,C302,M11,63.38208726920353,PAYMENT,1,fraud_payment
161,1007,C302,M58,114.70614438037326,PAYMENT,1,fraud_payment
161,1008,C1303,C657,72.1664480410584,TRANSFER,1,fraud_transfer
161,1009,C1537,C1322,86.8543394975836,TRANSFER,1,fraud_transfer
161,1010,C1537,C2192,69.77065296829801,TRANSFER,1,fraud_transfer
162,1011,C1602,M82,136.1612278270155,PAYMENT,1,fraud_payment
162,1012,C2640,M57,283.27781122611896,PAYMENT,1,fraud_payment
162,1013,C2640,M59,149.7393989475322,PAYMENT,1,fraud_payment
162,1014,C2640,M75,50.10475500471108,PAYMENT,1,fraud_payment
162,1015,C2646,M43,38.34593130457393,PAYMENT,1,fraud_payment
162,1016,C2646,M53,31.019342170104842,PAYMENT,1,fraud_payment
162,1017,C2646,C310,61.55774082896909,TRANSFER,1,fraud_transfer
163,1018,C302,M68,96.50126345132558,PAYMENT,1,fraud_payment
163,1019,C302,C1045,137.42611978813525,TRANSFER,1,fraud_transfer
163,1020,C302,M112,42.320822253227796,PAYMENT,1,fraud_payment
163,1021,C752,M111,340.44763007442083,PAYMENT,1,fraud_payment
163,1022,C752,C1040,57.84196396509105,TRANSFER,1,fraud_transfer
163,1023,C3988,M27,45.01293463931898,PAYMENT,1,fraud_payment
163,1024,C3988,M101,49.49802029856138,PAYMENT,1,fraud_payment
163,1025,C3988,M47,77.07971061903952,PAYMENT,1,fraud_payment
163,1026,C4836,M68,603.7966941066147,PAYMENT,1,fraud_payment
163,1027,C4836,C49,120.11811472157312,TRANSFER,1,fraud_transfer
164,1028,C302,M79,67.71131400751541,PAYMENT,1,fraud_payment
164,1029,C302,C4999,189.28976144454856,TRANSFER,1,fraud_transfer
164,1030,C1303,M68,58.09908153841372,PAYMENT,1,fraud_payment
164,1031,C1303,C4183,139.49209059497227,TRANSFER,1,fraud_transfer
164,1032,C1602,C3235,225.5350013642861,TRANSFER,1,fraud_transfer
164,1033,C1602,C4703,74.14130800753097,TRANSFER,1,fraud_transfer
164,1034,C4125,M96,30.26904265535317,PAYMENT,1,fraud_payment
164,1035,C4125,C3176,367.75048658401414,TRANSFER,1,fraud_transfer
164,1036,C4125,M35,38.01653562239178,PAYMENT,1,fraud_payment
165,1037,C2640,M62,30.44362629123467,PAYMENT,1,fraud_payment
166,1038,C1537,C1343,149.60967713639954,TRANSFER,1,fraud_transfer
166,1039,C1537,M23,43.68678815631662,PAYMENT,1,fraud_payment
166,1040,C2354,M16,289.24616557241995,PAYMENT,1,fraud_payment
167,1041,C1303,C4381,115.69442648179208,TRANSFER,1,fraud_transfer
167,1042,C2449,M28,57.62505915515808,PAYMENT,1,fraud_payment
167,1043,C3896,C1887,100.98307972289041,TRANSFER,1,fraud_transfer
167,1044,C3896,M102,197.77340074346938,PAYMENT,1,fraud_payment
167,1045,C4696,M36,41.5415722488547,PAYMENT,1,fraud_payment
